title,year,director,music_director,votes
"RRR","2022","S. S. Rajamouli","M.M. Keeravaani","1693"
"Bāhubali: The Beginning","2015","S. S. Rajamouli","M.M. Keeravaani","960"
"Bāhubali 2: The Conclusion","2017","S. S. Rajamouli","M.M. Keeravaani","883"
"Eega","2012","S. S. Rajamouli","M.M. Keeravaani","266"
"Devara: Part 1","2024","Koratala Siva","Anirudh Ravichander","225"
"Pushpa: The Rise","2021","Sukumar","Devi Sri Prasad","205"
"Kalki 2898-AD","2024","Nag Ashwin","Santhosh Narayanan","198"
"Pushpa 2 - The Rule","2024","Sukumar","Devi Sri Prasad","164"
"Magadheera","2009","S. S. Rajamouli","M.M. Keeravaani","151"
"V","2020","Mohana Krishna Indraganti","Amit Trivedi","132"
"Salaar: Part 1 - Ceasefire","2023","Prashanth Neel","Ravi Basrur","126"
"Arjun Reddy","2017","Sandeep Reddy Vanga","Radhan","123"
"Sita Ramam","2022","Hanu Raghavapudi","Vishal Chandrasekhar","118"
"Saaho","2019","Sujeeth","Ehsaan Noorani","117"
"Ala Vaikunthapurramuloo","2020","Trivikram Srinivas","S. Thaman","117"
"Lucky Baskhar","2024","Venky Atluri","G. V. Prakash Kumar","103"
"1: Nenokkadine","2014","Sukumar","Devi Sri Prasad","102"
"Geetha Govindam","2018","Parasuram Petla","Gopi Sundar","86"
"Rangasthalam","2018","Sukumar","Devi Sri Prasad","85"
"Athadu","2005","Trivikram Srinivas","Mani Sharma","80"
"Jersey","2019","Gowtam Tinnanuri","Anirudh Ravichander","79"
"Pokiri","2006","Puri Jagannadh","Mani Sharma","76"
"Yevadu","2014","Vamshi Paidipally","Devi Sri Prasad","75"
"Bharat Ane Nenu","2018","Koratala Siva","Devi Sri Prasad","75"
"Hi Nanna","2023","Shouryuv","Hesham Abdul Wahab","74"
"Race Gurram","2014","Surender Reddy","S. Thaman","70"
"DJ: Duvvada Jagannadham","2017","Harish Shankar","Devi Sri Prasad","70"
"Son of Satyamurthy","2015","Trivikram Srinivas","Devi Sri Prasad","69"
"Khaleja","2010","Trivikram Srinivas","Mani Sharma","69"
"Mahanati","2018","Nag Ashwin","Mickey J Meyer","67"
"Srimanthudu","2015","Koratala Siva","Devi Sri Prasad","66"
"Businessman","2012","Puri Jagannadh","S. Thaman","66"
"Manam","2014","Vikram Kumar","Anup Rubens","64"
"Sarileru Neekevvaru","2020","Anil Ravipudi","Devi Sri Prasad","64"
"Agent Sai Srinivasa Athreya","2019","Swaroop RSJ","Mark K. Robin","64"
"Rebel","2012","Raghava Lawrence","Raghava Lawrence","62"
"HIT: The Third Case","2025","Sailesh Kolanu","Mickey J Meyer","61"
"Red","2021","Kishore Tirumala","Mani Sharma","61"
"HIT: The First Case","2020","Sailesh Kolanu","Vivek Sagar","59"
"Sarrainodu","2016","Boyapati Srinu","S. Thaman","55"
"Dookudu","2011","Sreenu Vaitla","S. Thaman","55"
"Aarya 2","2009","Sukumar","Devi Sri Prasad","54"
"Oopiri","2016","Vamshi Paidipally","Gopi Sundar","54"
"Janatha Garage","2016","Koratala Siva","Devi Sri Prasad","53"
"Goodachari","2018","Sashi Kiran Tikka","Sricharan Pakala","52"
"Major","2022","Sashi Kiran Tikka","Sricharan Pakala","52"
"Dear Comrade","2019","Bharat Kamma","Justin Prabhakaran","50"
"HIT: The 2nd Case","2022","Sailesh Kolanu","John Stewart Eduri","50"
"Julayi","2012","Trivikram Srinivas","Devi Sri Prasad","49"
"Shyam Singha Roy","2021","Rahul Sankrityan","Mickey J Meyer","49"
"Ante... Sundaraniki!","2022","Vivek Athreya","Vivek Sagar","48"
"Naa Peru Surya - Naa Illu India","2018","Vakkantham Vamsi","Vishal Dadlani","47"
"Vedam","2010","Krish Jagarlamudi","M.M. Keeravaani","47"
"Temper","2015","Puri Jagannadh","Anup Rubens","45"
"Nannaku Prematho...","2016","Sukumar","Devi Sri Prasad","45"
"Seethamma Vakitlo Sirimalle Chettu","2013","Srikanth Addala","Mickey J Meyer","44"
"Bommarillu","2006","Bhaskar","Devi Sri Prasad","44"
"Bheeshma","2020","Venky Kudumula","Mahati Swara Sagar","44"
"Saripodhaa Sanivaaram","2024","Vivek Athreya","Jakes Bejoy","43"
"Bruce Lee: The Fighter","2015","Sreenu Vaitla","S. Thaman","43"
"Happy","2006","A. Karunakaran","Yuvan Shankar Raja","43"
"Hanu-Man","2024","Prasanth Varma","Anudeep Dev","43"
"Bāhubali: The Epic","2025","S. S. Rajamouli","M.M. Keeravaani","42"
"Mirchi","2013","Koratala Siva","Devi Sri Prasad","42"
"Atharintiki Daaredi","2013","Trivikram Srinivas","Devi Sri Prasad","42"
"Pelli Choopulu","2016","Tharun Bhascker","Vivek Sagar","42"
"Dhruva","2016","Surender Reddy","HipHop Tamizha Adhi","42"
"Majili","2019","Shiva Nirvana","Gopi Sundar","42"
"Kick","2009","Surender Reddy","S. Thaman","42"
"Virupaksha","2023","Karthik Varma Dandu","B. Ajaneesh Loknath","41"
"Fidaa","2017","Sekhar Kammula","Shakthi Kanth Karthick","41"
"Mr. Perfect","2011","Dasaradh","Devi Sri Prasad","41"
"Radhe Shyam","2022","Radha Krishna Kumar","Manan Bhardwaj","41"
"Happy Days","2007","Sekhar Kammula","Mickey J Meyer","40"
"Sye Raa Narasimha Reddy","2019","Surender Reddy","Julius Packiam","40"
"Awe!","2018","Prasanth Varma","Mark K. Robin","40"
"Maharshi","2019","Vamshi Paidipally","Devi Sri Prasad","40"
"Brindavanam","2010","Vamshi Paidipally","S. Thaman","40"
"Vikramarkudu","2006","S. S. Rajamouli","M.M. Keeravaani","39"
"Aravinda Sametha Veera Raghava","2018","Trivikram Srinivas","S. Thaman","39"
"Orange","2010","Bhaskar","Harris Jayaraj","39"
"Evaru","2019","Venkat Ramji","Sricharan Pakala","39"
"100% Love","2011","Sukumar","Devi Sri Prasad","39"
"Rudhramadevi","2015","Gunasekhar","Ilaiyaraaja","38"
"Bhaagamathie","2018","Ashok G.","S. Thaman","38"
"Jai Lava Kusa","2017","Bobby Kolli","Devi Sri Prasad","37"
"C/o Kancharapalem","2018","Venkatesh Maha","Sweekar Agasthi","37"
"F2: Fun and Frustration","2019","Anil Ravipudi","Devi Sri Prasad","37"
"Nani's Gang Leader","2019","Vikram Kumar","Anirudh Ravichander","37"
"Darling","2010","A. Karunakaran","G. V. Prakash Kumar","37"
"Court: State vs. A Nobody","2025","Ram Jagadeesh","Vijai Bulganin","36"
"Taxiwala","2018","Rahul Sankrityan","Jakes Bejoy","36"
"Liger","2022","Puri Jagannadh","Vikram Montrose","36"
"Arundhati","2009","Kodi Ramakrishna","Saluri Koteswara Rao","35"
"Kshanam","2016","Ravikanth Perepu","Sricharan Pakala","35"
"Badrinath","2011","V. V. Vinayak","M.M. Keeravaani","35"
"Chatrapathi","2005","S. S. Rajamouli","M.M. Keeravaani","35"
"Guntur Kaaram","2024","Trivikram Srinivas","S. Thaman","35"
"Iddarammayilatho","2013","Puri Jagannadh","Devi Sri Prasad","34"
"Kingdom","2025","Gowtam Tinnanuri","Anirudh Ravichander","33"
"Parugu","2008","Bhaskar","Mani Sharma","33"
"Oh! Baby","2019","B. V. Nandini Reddy","Mickey J Meyer","33"
"Nuvvostanante Nenoddantana","2005","Prabhu Deva","Devi Sri Prasad","33"
"Yamadonga","2007","S. S. Rajamouli","M.M. Keeravaani","33"
"Waltair Veerayya","2023","Bobby Kolli","Devi Sri Prasad","33"
"A Aa","2016","Trivikram Srinivas","Mickey J Meyer","32"
"Hello!","2017","Vikram Kumar","Anup Rubens","32"
"Brochevarevarura","2019","Vivek Athreya","Vivek Sagar","32"
"Oosaravelli","2011","Surender Reddy","Devi Sri Prasad","32"
"Miss. Shetty Mr. Polishetty","2023","Mahesh Babu P","Gopi Sundar","31"
"Gabbar Singh","2012","Harish Shankar","Devi Sri Prasad","31"
"Leader","2010","Sekhar Kammula","Mickey J Meyer","31"
"Ala Modalaindi","2011","B. V. Nandini Reddy","Kalyani Malik","31"
"Game Changer","2025","Shankar","S. Thaman","31"
"Dasara","2023","Srikanth Odela","Santhosh Narayanan","31"
"Raja the Great","2017","Anil Ravipudi","Sai Karthik","30"
"Vinaya Vidheya Rama","2019","Boyapati Srinu","Devi Sri Prasad","30"
"Once Upon a Warrior","2011","Prakash Kovelamudi","Saluri Koteswara Rao","30"
"Krack","2021","Gopichand Malineni","S. Thaman","30"
"Karthikeya 2","2022","Chandoo Mondeti","Kaala Bhairava","30"
"MAD","2023","Kalyan Shankar","Bheems Ceciroleo","29"
"Naayak","2013","V. V. Vinayak","S. Thaman","29"
"Mathu Vadalara","2019","Ritesh Rana","Kaala Bhairava","29"
"Akhanda","2021","Boyapati Srinu","S. Thaman","29"
"Jathi Ratnalu","2021","Anudeep","Radhan","29"
"Pilla Zamindar","2011","Ashok G.","V. Selvaganesh","29"
"Desamuduru","2007","Puri Jagannadh","Chakri","28"
"RX 100","2018","Ajay Bhupathi","Chaitan Bharadwaj","28"
"Sarkaru Vaari Paata","2022","Parasuram Petla","S. Thaman","28"
"Kuberaa","2025","Sekhar Kammula","Devi Sri Prasad","27"
"Baadshah","2013","Sreenu Vaitla","S. Thaman","27"
"Drushyam","2014","Sripriya","Sharreth","27"
"Govindudu Andarivaadele","2014","Krishna Vamsi","Yuvan Shankar Raja","27"
"Karthikeya","2014","Chandoo Mondeti","Shekar Chandra","27"
"Ninnu Kori","2017","Shiva Nirvana","Gopi Sundar","27"
"Ee Nagaraniki Emaindi?","2018","Tharun Bhascker","Vivek Sagar","27"
"Rachcha","2012","Sampath Nandi","Mani Sharma","26"
"Billa","2009","Meher Ramesh","Mani Sharma","26"
"Adhurs","2010","V. V. Vinayak","Devi Sri Prasad","26"
"Nenu Local","2017","Trinadha Rao Nakkina","Devi Sri Prasad","26"
"Maryada Ramanna","2010","S. S. Rajamouli","M.M. Keeravaani","26"
"Ye Maaya Chesave","2010","Gautham Vasudev Menon","A.R. Rahman","26"
"Rang De","2021","Venky Atluri","Devi Sri Prasad","26"
"Chirutha","2007","Puri Jagannadh","Mani Sharma","26"
"Munna","2007","Vamshi Paidipally","Harris Jayaraj","25"
"Aagadu","2014","Sreenu Vaitla","S. Thaman","25"
"Don","2007","Raghava Lawrence","Raghava Lawrence","25"
"Acharya","2022","Koratala Siva","Mani Sharma","25"
"Jalsa","2008","Trivikram Srinivas","Devi Sri Prasad","25"
"Gamyam","2008","Krish Jagarlamudi","E.S. Murthy","25"
"Yashoda","2022","Hareesh Narayan","Mani Sharma","25"
"Ishq","2012","Vikram Kumar","Shankar","25"
"Kushi","2023","Shiva Nirvana","Hesham Abdul Wahab","25"
"Bhale Bhale Magadivoy","2015","Maruthi Dasari","Gopi Sundar","24"
"Nenu.. Sailaja...","2016","Kishore Tirumala","Devi Sri Prasad","24"
"Khaidi No. 150","2017","V. V. Vinayak","Devi Sri Prasad","24"
"Nene Raju Nene Mantri","2017","Teja","Anup Rubens","24"
"Agnyaathavaasi","2018","Trivikram Srinivas","Anirudh Ravichander","24"
"Tholi Prema","2018","Venky Atluri","S. Thaman","24"
"Padi Padi Leche Manasu","2018","Hanu Raghavapudi","Vishal Chandrasekhar","24"
"World Famous Lover","2020","Kranthi Madhav","Gopi Sundar","24"
"Colour Photo","2020","Sandeep Raj","Kaala Bhairava","24"
"King","2008","Sreenu Vaitla","Devi Sri Prasad","24"
"Veera Simha Reddy","2023","Gopichand Malineni","S. Thaman","24"
"Bujjigaadu: Made in Chennai","2008","Puri Jagannadh","Sandeep Chowta","23"
"Mirai","2025","Karthik Ghattamaneni","Hari Gowra","23"
"Gopala Gopala","2015","Kishore Kumar","Anup Rubens","23"
"Power","2014","Bobby Kolli","S. Thaman","23"
"Rabhasa","2014","Santosh Srinivas","S. Thaman","23"
"M.C.A","2017","Venu Sriram","Devi Sri Prasad","23"
"Chalo","2018","Venky Kudumula","Mahati Swara Sagar","23"
"Hello Guru Prema Kosame","2018","Trinadha Rao Nakkina","Devi Sri Prasad","23"
"Chitralahari","2019","Kishore Tirumala","Devi Sri Prasad","23"
"iSmart Shankar","2019","Puri Jagannadh","Mani Sharma","23"
"Nishabdham","2020","Hemant Madhukar","Gopi Sundar","23"
"Wild Dog","2021","Ahishor Solomon","S. Thaman","23"
"Panjaa","2011","Vishnu Varadhan","Yuvan Shankar Raja","23"
"Aadavari Matalaku Ardhalu Verule","2007","Selvaraghavan","Yuvan Shankar Raja","23"
"Bunny","2005","V. V. Vinayak","Devi Sri Prasad","23"
"Balupu","2013","Gopichand Malineni","S. Thaman","22"
"Yavade Subramanyam","2015","Nag Ashwin","Radhan","22"
"Kanche","2015","Krish Jagarlamudi","Chirantan Bhatt","22"
"Krishna Gaadi Veera Prema Gaadha","2016","Hanu Raghavapudi","Vishal Chandrasekhar","22"
"Ekkadiki Pothavu Chinnavada","2016","Vi Anand","Shekar Chandra","22"
"Sammohanam","2018","Mohana Krishna Indraganti","Vivek Sagar","22"
"Love Story","2021","Sekhar Kammula","Pawan Ch","22"
"Bheemla Nayak","2022","Sagar Chandra","S. Thaman","22"
"Dhammu","2012","Boyapati Srinu","M.M. Keeravaani","21"
"Sahasam","2013","Chandra Sekhar Yeleti","Sri Kommineni","21"
"Oohalu Gusagusalade","2014","Srinivas Avasarala","Kalyani Malik","21"
"Soggade Chinni Nayana","2016","Kalyan Krishna","Anup Rubens","21"
"Jaya Janaki Nayaka","2017","Boyapati Srinu","Devi Sri Prasad","21"
"Don Seenu","2010","Gopichand Malineni","Mani Sharma","21"
"Mr. Majnu","2019","Venky Atluri","S. Thaman","21"
"Middle Class Melodies","2020","Vinod Anantoju","Vikram RH","21"
"Oh My Friend","2011","Venu Sriram","Rahul Raj","21"
"Dhamaka","2022","Trinadha Rao Nakkina","Bheems Ceciroleo","21"
"Daaku Maharaaj","2025","Bobby Kolli","S. Thaman","20"
"Ramayya Vasthavayya","2013","Harish Shankar","S. Thaman","20"
"Gentleman","2016","Mohana Krishna Indraganti","Mani Sharma","20"
"Premam","2016","Chandoo Mondeti","Rajesh Murugesan","20"
"Savyasachi","2018","Chandoo Mondeti","M.M. Keeravaani","20"
"Devadas","2018","Sriram Adittya","Mani Sharma","20"
"Uppena","2021","Buchi Babu Sana","Devi Sri Prasad","20"
"Vakeel Saab","2021","Venu Sriram","S. Thaman","20"
"Ready","2008","Sreenu Vaitla","Devi Sri Prasad","20"
"Miss India","2020","Narendra nath","S. Thaman","20"
"F3: Fun and Frustration","2022","Anil Ravipudi","Devi Sri Prasad","20"
"Ranga Ranga Vaibhavanga","2022","Gireeshaaya","Devi Sri Prasad","20"
"The Family Star","2024","Parasuram Petla","Gopi Sundar","19"
"The Girlfriend","2025","Rahul Ravindran","Prashanth R Vihari","19"
"Pournami","2006","Prabhu Deva","Devi Sri Prasad","19"
"Stalin","2006","A. R. Murugadoss","Mani Sharma","19"
"Brahmotsavam","2016","Srikanth Addala","Mickey J Meyer","19"
"Sardaar Gabbar Singh","2016","Bobby Kolli","Devi Sri Prasad","19"
"Hyper","2016","Santosh Srinivas","Ghibran","19"
"Goutham Nanda","2017","Sampath Nandi","S. Thaman","19"
"Krishnarjuna Yudham","2018","Merlapaka Gandhi","HipHop Tamizha Adhi","19"
"Little Hearts","2025","Sai Marthand","Sinjith yerramilli","18"
"Life Is Beautiful","2012","Sekhar Kammula","Mickey J Meyer","18"
"Legend","2014","Boyapati Srinu","Devi Sri Prasad","18"
"Katamarayudu","2017","Kishore Kumar Pardasani","Anup Rubens","18"
"Chi La Sow","2018","Rahul Ravindran","Prashanth R Vihari","18"
"Athidhi","2007","Surender Reddy","Mani Sharma","18"
"Sainikudu","2006","Gunasekhar","Harris Jayaraj","18"
"GodFather","2022","Mohan Raja","S. Thaman","18"
"Kandireega","2011","Santosh Srinivas","S. Thaman","18"
"The Ghost","2022","Praveen Sattaru","Mark K. Robin","18"
"Ravanasura","2023","Sudheer Varma","Bheems Ceciroleo","18"
"(Tillu)²","2024","Mallik Ram","Ram Miriyala","17"
"BRO","2023","Samuthirakani","S. Thaman","17"
"Cameraman Ganga Tho Rambabu","2012","Puri Jagannadh","Mani Sharma","17"
"Endukante Premanta","2012","A. Karunakaran","G. V. Prakash Kumar","17"
"Malli Malli Idhi Rani Roju","2015","Kranthi Madhav","Gopi Sundar","17"
"Bengal Tiger","2015","Sampath Nandi","Bheems Ceciroleo","17"
"Ek Niranjan","2009","Puri Jagannadh","Mani Sharma","17"
"Majnu","2016","Virinchi Varma","Gopi Sundar","17"
"Mahanubhavudu","2017","Maruthi Dasari","S. Thaman","17"
"Malli Raava","2017","Gowtam Tinnanuri","Shravan Bharadwaj","17"
"Prati Roju Pandaage","2019","Maruthi Dasari","S. Thaman","17"
"Jaanu","2020","C. Prem Kumar","Govindh Vasantha","17"
"Godavari","2006","Sekhar Kammula","K M Radha Krishnan","17"
"Konchem Ishtam Konchem Kashtam","2009","Kishore Kumar","Loy Mendonsa","17"
"Bimbisara","2022","Malladi Vassishta","M.M. Keeravaani","17"
"Tiger Nageswara Rao","2023","Vamsee Krishna","G. V. Prakash Kumar","17"
"Balagam","2023","Venu Yeldandi","Bheems Ceciroleo","16"
"Thandel","2025","Chandoo Mondeti","Devi Sri Prasad","16"
"Akhanda 2: Thaandavam","2025","Boyapati Srinu","S. Thaman","16"
"Sankranthiki Vasthunam","2025","Anil Ravipudi","Bheems Ceciroleo","16"
"Subham","2025","Praveen Kandregula","Clinton Cerejo","16"
"Oka Laila Kosam","2014","Vijay Kumar Konda","Anup Rubens","16"
"Kick 2","2015","Surender Reddy","S. Thaman","16"
"Subramanyam For Sale","2015","Harish Shankar","Mickey J Meyer","16"
"Supreme","2016","Anil Ravipudi","Sai Karthik","16"
"Amar Akbar Anthony","2018","Sreenu Vaitla","S. Thaman","16"
"Ragada","2010","Veeru Potla","S. Thaman","16"
"Simha","2010","Boyapati Srinu","Chakri","16"
"N.T.R: Kathanayakudu","2019","Krish Jagarlamudi","M.M. Keeravaani","16"
"Gaganam","2011","Radha Mohan","Pravin Mani","16"
"Venky Mama","2019","Bobby Kolli","S. Thaman","16"
"Shakti","2011","Meher Ramesh","Mani Sharma","16"
"Shankar Dada Zindabad","2007","Prabhu Deva","Devi Sri Prasad","16"
"Aswathama","2020","Ramana Teja","Sricharan Pakala","16"
"Narappa","2021","Srikanth Addala","Mani Sharma","16"
"Most Eligible Bachelor","2021","Bhaskar","Gopi Sundar","16"
"Uma Maheswara Ugra Roopasya","2020","Venkatesh Maha","Bijibal","16"
"Zombie Reddy","2021","Prasanth Varma","Mark K. Robin","16"
"Cinema Bandi","2021","Praveen Kandregula","Sirish Satyavolu","16"
"Saakini Daakini","2022","Sudheer Varma","Naresh Kumaran","16"
"Bangarraju","2022","Kalyan Krishna","Anup Rubens","16"
"Oy!","2009","Anand Ranga","Yuvan Shankar Raja","16"
"Mangalavaaram","2023","Ajay Bhupathi","B. Ajaneesh Loknath","15"
"Chakram","2005","Krishna Vamsi","Chakri","15"
"Sarocharu","2012","Parasuram Petla","Devi Sri Prasad","15"
"Varudu","2010","Gunasekhar","Mani Sharma","15"
"Heart Attack","2014","Puri Jagannadh","Anup Rubens","15"
"Pandaga Chesko","2015","Gopichand Malineni","S. Thaman","15"
"Akhil","2015","V. V. Vinayak","S. Thaman","15"
"Gautamiputra Satakarni","2017","Krish Jagarlamudi","Chirantan Bhatt","15"
"Shatamanam Bhavati","2017","Satish Vegesna","Mickey J Meyer","15"
"LIE","2017","Hanu Raghavapudi","Mani Sharma","15"
"Shailaja Reddy Alludu","2018","Maruthi Dasari","Gopi Sundar","15"
"Nagavalli","2010","P. Vasu","Gurukiran","15"
"Aadavaallu Meeku Johaarlu","2022","Kishore Tirumala","Devi Sri Prasad","15"
"The Warriorr","2022","N. Linguswamy","Devi Sri Prasad","15"
"Krishna Vrinda Vihari","2022","Annish Krishna","Mahati Swara Sagar","15"
"DJ Tillu","2022","Vimal Krishna","Sricharan Pakala","15"
"Bhagavanth Kesari","2023","Anil Ravipudi","S. Thaman","15"
"Eagle","2024","Karthik Ghattamaneni","Davzand","14"
"#Single","2025","Caarthick Raju","Vishal Chandrasekhar","14"
"Daruvu","2012","Siva","Vijay Antony","14"
"Dhee","2007","Sreenu Vaitla","Chakri","14"
"Rarandoi Veduka Chudham","2017","Kalyan Krishna","Devi Sri Prasad","14"
"Anando Brahma","2017","Mahi V. Raghav","Krishna Kumar","14"
"Chal Mohan Ranga","2018","Krishna Chaitanya","S. Thaman","14"
"Veera","2011","Ramesh Varma","S. Thaman","14"
"Check","2021","Chandra Sekhar Yeleti","Kalyani Malik","14"
"Anukokunda Oka Roju","2005","Chandra Sekhar Yeleti","M.M. Keeravaani","14"
"Rakhi","2006","Krishna Vamsi","Devi Sri Prasad","14"
"Namo Venkatesa","2010","Sreenu Vaitla","Devi Sri Prasad","14"
"Amigos","2023","Rajendra Reddy","Ghibran","13"
"Masooda","2022","Sai Kiran","Prashanth R Vihari","13"
"Robinhood","2025","Venky Kudumula","G. V. Prakash Kumar","13"
"Double iSmart","2024","Puri Jagannadh","Mani Sharma","13"
"Jai Chiranjeeva","2005","K. Vijaya Bhaskar","Mani Sharma","13"
"Kannappa","2025","Mukesh Kumar Singh","Stephen Devassy","13"
"Damarukam","2012","Srinivas Reddy","Devi Sri Prasad","13"
"Super","2005","Puri Jagannadh","Sandeep Chowta","13"
"Swamy Ra Ra","2013","Sudheer Varma","Sunny M.R.","13"
"Devudu Chesina Manushulu","2012","Puri Jagannadh","Raghu Kunche","13"
"Shivam","2015","Sreenivasa Reddy","Devi Sri Prasad","13"
"Manamantha","2016","Chandra Sekhar Yeleti","Mahesh Shankar","13"
"Babu Bangaram","2016","Maruthi Dasari","Ghibran","13"
"Winner","2017","Gopichand Malineni","S. Thaman","13"
"Touch Chesi Chudu","2018","Vikram Sirikonda","JAM 8","13"
"Prasthanam","2010","Deva Katta","Mahesh Shankar","13"
"Nela Ticket","2018","Kalyan Krishna","Shakthi Kanth Karthick","13"
"Disco Raja","2020","Vi Anand","S. Thaman","13"
"Kavacham","2018","Sreenivas Mamilla","S. Thaman","13"
"Manmadhudu 2","2019","Rahul Ravindran","Chaitan Bharadwaj","13"
"Ranarangam","2019","Sudheer Varma","Prashant Pillai","13"
"Ninnila Ninnila","2021","Ani I. V. Sasi","Rajesh Murugesan","13"
"Khiladi","2022","Ramesh Varma","Devi Sri Prasad","13"
"Ashok","2006","Surender Reddy","Mani Sharma","13"
"Ashta Chamma","2008","Mohana Krishna Indraganti","Kalyani Malik","13"
"Jagadam","2007","Sukumar","Devi Sri Prasad","13"
"Thulasi","2007","Boyapati Srinu","Devi Sri Prasad","13"
"18 Pages","2022","Palnati Surya Pratap","Gopi Sundar","13"
"Balu","2005","A. Karunakaran","Mani Sharma","12"
"Kishkindhapuri","2025","Koushik Pegallapati","Chaitan Bharadwaj","12"
"Bhageeratha","2005","Rasool Ellore","Chakri","12"
"Jil","2015","Radha Krishna Kumar","Ghibran","12"
"Kumari 21F","2015","Palnati Surya Pratap","Devi Sri Prasad","12"
"Guru","2017","Sudha Kongara Prasad","Santhosh Narayanan","12"
"Keshava","2017","Sudheer Varma","Sunny M.R.","12"
"Jawaan","2017","BVS Ravi","S. Thaman","12"
"Raju Gari Gadhi 2","2017","Ohmkar","S. Thaman","12"
"Vanaja","2006","Rajnesh Domalpalli","Bhaskara S. Narayanan","12"
"Antariksham 9000 KMPH","2018","Sankalp Reddy","Prashanth R Vihari","12"
"118","2019","K. V. Guhan","Shekar Chandra","12"
"Gaddalakonda Ganesh","2019","Harish Shankar","Mickey J Meyer","12"
"Teen Maar","2011","Jayant Paranji","Mani Sharma","12"
"Krishna and His Leela","2020","Ravikanth Perepu","Sricharan Pakala","12"
"Lakshmi","2006","V. V. Vinayak","Ramana Gogula","12"
"Alludu Adhurs","2021","Santosh Srinivas","Devi Sri Prasad","12"
"Naandhi","2021","Vijay Kanakamedala","Sricharan Pakala","12"
"Drushyam 2","2021","Jeethu Joseph","Anup Rubens","12"
"Bodyguard","2012","Gopichand Malineni","S. Thaman","12"
"Custody","2023","Venkat Prabhu","Ilaiyaraaja","12"
"Saindhav","2024","Sailesh Kolanu","Santhosh Narayanan","11"
"Matka","2024","Karuna Kumar","G. V. Prakash Kumar","11"
"Yeto Vellipoyindhi Manasu","2012","Gautham Vasudev Menon","Ilaiyaraaja","11"
"Andala Rakshasi","2012","Hanu Raghavapudi","Radhan","11"
"Sudigaadu","2012","Bhimaneni Srinivasa Rao","Sri Vasanth","11"
"Tadakha","2013","Kishore Kumar","S. Thaman","11"
"Anthaka Mundu Aa Tarvatha","2013","Mohana Krishna Indraganti","Kalyana Ramana","11"
"Mukunda","2014","Srikanth Addala","Mickey J Meyer","11"
"Alludu Seenu","2014","V. V. Vinayak","Devi Sri Prasad","11"
"Pataas","2015","Anil Ravipudi","Sai Karthik","11"
"Vunnadhi Okate Zindagi","2017","Kishore Tirumala","Devi Sri Prasad","11"
"PSV Garuda Vega","2017","Praveen Sattaru","Bheems Ceciroleo","11"
"Nannu Dochukunduvate","2018","R. S. Naidu","B. Ajaneesh Loknath","11"
"Rakshasudu","2019","Ramesh Varma","Ghibran","11"
"Chanakya","2019","Thiru","Vishal Chandrasekhar","11"
"Golimaar","2010","Puri Jagannadh","Chakri","11"
"Tuck Jagadish","2021","Shiva Nirvana","S. Thaman","11"
"Varudu Kaavalenu","2021","Lakshmi Sowjanya","Vishal Chandrasekhar","11"
"Maestro","2021","Merlapaka Gandhi","Mahati Swara Sagar","11"
"Republic","2021","Deva Katta","Mani Sharma","11"
"Pakka Commercial","2022","Maruthi Dasari","Jakes Bejoy","11"
"Baby","2023","Sai Rajesh Neelam","Vijai Bulganin","11"
"Thank You","2022","Vikram Kumar","S. Thaman","11"
"Spy","2023","Garry BH","Sricharan Pakala","11"
"Samajavaragamana","2023","Ram Abbaraju","Gopi Sundar","10"
"Anni Manchi Sakunamule","2023","B. V. Nandini Reddy","Mickey J Meyer","10"
"Asvins","2023","Tarun Teja Mallareddy","Vijay Siddharrth","10"
"Extra Ordinary Man","2023","Vakkantham Vamsi","Harris Jayaraj","10"
"Naa Saami Ranga","2024","Vijay Binni","M.M. Keeravaani","10"
"Telusu Kada","2025","Neeraja Kona","S. Thaman","10"
"(MAD)²","2025","Kalyan Shankar","S. Thaman","10"
"Neninthe","2008","Puri Jagannadh","Chakri","10"
"Andhra King Taluka","2025","Mahesh Babu P","Mervin Solomon","10"
"Krishnam Vande Jagadgurum","2012","Krish Jagarlamudi","Mani Sharma","10"
"Ongole Githa","2013","Bhaskar","G. V. Prakash Kumar","10"
"Shambo Shiva Shambo","2010","Samuthirakani","Sundar C. Babu","10"
"Paisa Vasool","2017","Puri Jagannadh","Anup Rubens","10"
"Mental Madhilo","2017","Vivek Athreya","Prashanth R Vihari","10"
"Okka Kshanam","2017","Vi Anand","Mani Sharma","10"
"Srinivasa Kalyanam","2018","Satish Vegesna","Mickey J Meyer","10"
"Viraata Parvam","2022","Venu Udugula","Suresh Bobbili","10"
"Rama Rama Krishna Krishna","2010","Sriwass","M.M. Keeravaani","10"
"Godse","2022","Gopi Ganesh","Sunil Kashyap","10"
"Kantri","2008","Meher Ramesh","Mani Sharma","10"
"Adbhutham","2021","Mallik Ram","Radhan","10"
"Ammu","2022","Charukesh Sekar","Bharath Shankar","10"
